name,fecha
Kevin Harris,2025-02-01
Christy Sanchez,2025-02-14
Helen Frank MD,2025-04-29
Max Davila,2025-03-13
Ian Jordan,2025-06-07
Angela Ray DVM,2025-05-15
Daniel Alvarez,2025-09-15
Julian Johnson,2025-04-30
Kathleen Parrish,2025-06-20
Dr. Nathaniel Jackson,2025-09-03
Timothy Nelson,2025-06-30
Kathleen Davis,2025-05-19
Adam Marshall,2025-08-20
Robin Herring,2025-04-12
Mark Davis,2025-01-19
Joseph Wilson,2025-06-27
Rachel Myers,2025-07-25
Paul Chambers,2025-02-24
Sean Thompson,2025-09-24
Lisa Mercer,2025-07-09
John Williams,2025-07-23
Jessica Cisneros,2025-05-13
Holly Greer,2025-04-10
Maria Hernandez,2025-07-10
Julie Douglas,2025-02-17
Jennifer Booker,2025-09-23
Sally Solomon,2025-06-01
Bryce Bond,2025-02-22
Jonathan Anderson,2025-04-15
Steven Andrews,2025-05-14
Ashley Nguyen,2025-02-28
Melissa Morales,2025-03-02
Anthony Faulkner,2025-05-25
Kari Jones,2025-04-01
Jessica Marshall,2025-08-21
Sean Knox,2025-03-18
Fred Walls,2025-06-15
Kevin Brown,2025-06-15
Ariana Nelson,2025-03-17
Sean Hall,2025-03-22
Angela Gomez,2025-01-19
Charles Ramirez,2025-03-23
Brandi Olson,2025-01-09
Christopher Scott,2025-02-28
Christopher Ortiz,2025-09-16
Heidi Hill,2025-10-02
David Lee,2025-01-08
Paul Alvarez,2025-05-26
Emily Miller,2025-03-15
Anne Rios,2025-07-29
Sharon Floyd,2025-09-28
Christopher Gonzalez,2025-06-29
James Martin MD,2025-04-21
John Hudson,2025-07-15
Nathan Quinn,2025-07-05
Elizabeth Reyes,2025-06-11
Brett Moore,2025-01-20
Amy Turner,2025-09-30
Jeffrey Carter,2025-02-25
John Taylor,2025-08-28
Aaron Foley,2025-01-16
Jennifer Schultz,2025-07-25
Nicole Larsen,2025-05-30
Dennis Gonzalez,2025-09-27
Andrew Diaz,2025-06-25
Patricia Russell,2025-07-02
Lauren Schultz,2025-07-10
Christine Hill,2025-04-13
Linda Reed,2025-05-19
Katie Serrano,2025-04-22
Lauren Pratt,2025-08-04
Cynthia Rojas,2025-08-20
Julie Hughes,2025-01-09
Stacy Watson,2025-08-15
Maureen Gibbs,2025-03-28
Melissa Garcia,2025-08-17
Dale Smith,2025-07-25
Kelly Leon,2025-08-04
Tamara Mckay,2025-08-17
Jose Jones,2025-06-02
Karen Garza,2025-10-04
Jared Floyd,2025-03-30
David Campbell,2025-05-17
Andrew Thomas,2025-05-28
Shane Bradley,2025-01-13
Tammy Martinez,2025-09-08
James Oconnor,2025-03-23
Joel Mcdaniel,2025-05-25
Andrea Tucker,2025-03-27
Kimberly Watson,2025-04-12
Veronica Schmidt,2025-06-17
Martha Reynolds,2025-05-25
Pamela Hoffman,2025-05-10
Sonya Hernandez,2025-02-23
Stephanie Gould,2025-10-01
Kenneth Hernandez,2025-02-10
Sherry Boyle,2025-03-29
Sharon Phillips,2025-02-07
Jamie Burton,2025-04-26
Cynthia Sanders,2025-10-03
Michael Johnson,2025-09-02
Tammy Compton DVM,2025-04-02
Brian Brown,2025-07-03
Evan Tucker,2025-05-14
Sharon Yoder,2025-02-09
Emily Clark,2025-07-29
Joseph Jones,2025-07-08
Cynthia Stanley,2025-09-25
Meghan Kelly,2025-04-15
Melissa Owen,2025-01-28
Amy Riggs,2025-09-30
Joe Parsons,2025-03-30
Andrea Taylor,2025-04-08
Mark Freeman,2025-07-12
Elizabeth Flowers,2025-05-01
William Daniels,2025-07-10
Adrienne Clayton,2025-01-06
Shannon Johnson,2025-09-22
Jeffrey Molina,2025-02-22
Chris Watts,2025-03-03
Bobby Gutierrez,2025-03-30
Emma Chase,2025-07-25
Timothy Barrett,2025-03-04
Alejandro Anderson,2025-05-14
Vincent Wilcox,2025-09-26
Kevin Patrick,2025-08-24
Amanda Carter,2025-10-02
Colleen Bailey,2025-01-29
Renee Lawson,2025-02-09
Richard Walsh,2025-05-05
Charles Bailey,2025-07-14
Brian Lawrence,2025-01-30
Julie Pruitt,2025-02-09
Patrick Schroeder,2025-01-20
Christopher Larsen,2025-10-01
Daniel Long,2025-08-27
Cheryl Ramirez,2025-05-30
Abigail Kirby,2025-04-05
Jonathon Garcia,2025-01-30
Kelly Bradley,2025-03-15
Katrina Barrett,2025-03-07
Alyssa Holmes,2025-08-29
Ashley Smith,2025-06-23
Alexander Taylor,2025-05-24
Jeff Alexander,2025-06-18
Antonio Kennedy,2025-05-06
Mark Smith,2025-08-28
Brandy Medina,2025-08-20
Valerie Joseph,2025-08-11
Allison Johns,2025-03-12
Shaun Nguyen,2025-08-25
William Bradley,2025-01-20
Steven Adkins,2025-06-16
Ms. Carla Jordan,2025-02-13
Tracy Thompson,2025-07-05
Miranda Lamb,2025-04-18
Ruth Cunningham,2025-05-13
Matthew Powell,2025-04-01
Alexa Mullen,2025-01-23
Brian Sloan,2025-10-02
Emily Watkins,2025-07-05
Kyle Sharp,2025-02-21
Michael Randall,2025-08-23
Michael Ward,2025-01-25
Christopher Page,2025-06-13
Damon Fitzgerald,2025-01-30
Logan Gutierrez,2025-04-16
Alan Mckenzie,2025-01-09
Brett Finley,2025-08-04
Lydia Sutton,2025-07-24
Nicole Johnson,2025-05-01
Daniel Pierce,2025-01-31
Jamie Berg,2025-09-16
Shawn Martin,2025-03-07
Sarah Smith,2025-01-05
Kelly Smith,2025-06-19
Wendy Howard,2025-03-02
Tiffany Crawford,2025-01-15
Stephen Anderson,2025-07-31
Steven Ryan,2025-05-13
Jimmy Ryan,2025-09-11
Tracey Lopez,2025-08-08
Holly Lopez,2025-07-22
Susan Boyd,2025-09-07
Lisa Ryan,2025-01-11
Dorothy Hernandez,2025-04-03
Claudia King,2025-06-06
Kyle Bradley,2025-04-19
Angel Morris,2025-05-22
Allison Oneill,2025-08-07
Miranda Diaz,2025-05-06
Sarah Rojas,2025-02-17
Kimberly Davis,2025-07-18
Cesar Cunningham,2025-05-26
Michelle Reilly,2025-02-20
Veronica Mckay,2025-04-16
James Diaz,2025-05-24
Danielle Jackson,2025-10-05
Shannon Campbell,2025-03-21
Cheryl Scott,2025-08-14
Joshua Evans,2025-01-10
Jesse Cabrera,2025-09-30
Randy Long,2025-01-02
Charles Hamilton,2025-06-20
Scott Olson,2025-04-24
Emily Rosales,2025-02-27
Lauren Russell,2025-03-02
Sheila Bishop,2025-06-15
Meredith Harrington,2025-02-21
Brandy Stuart,2025-09-06
Jacob Leonard,2025-06-29
Jason Smith,2025-07-08
Angela Johnson,2025-08-25
Danielle Liu,2025-08-13
Alyssa Bowers,2025-01-25
Terrence Ortega,2025-09-16
Jill Castillo,2025-05-16
Charles Dunn,2025-04-09
Ricardo Jones,2025-04-26
Kristen Griffith,2025-06-05
James Webb,2025-07-17
Erica Bowers,2025-09-23
Barry Carlson,2025-04-10
Lindsey Wilson,2025-01-19
Christopher Howell,2025-01-06
Elizabeth Lopez,2025-03-31
Jennifer Rocha,2025-04-26
Paul Kelley,2025-03-06
Andrew Henderson,2025-02-07
Daniel Turner,2025-03-24
Mr. Steven Thomas DDS,2025-08-28
Julian Lopez,2025-02-01
Jenna Acosta,2025-08-10
Nicole Shah,2025-07-02
Terrance Kemp,2025-01-18
James Boyle,2025-06-11
William Wood,2025-04-02
Lisa Harris,2025-06-21
Jamie Ortiz,2025-09-16
Sabrina Johnson,2025-05-26
Aaron Kennedy,2025-08-14
Travis Donovan,2025-07-01
Mrs. Marisa Wells,2025-03-20
Kathy Vasquez,2025-09-09
Eric Mejia,2025-07-17
Kimberly Porter,2025-06-26
Thomas Green,2025-04-08
Jillian Stanley,2025-08-22
Cynthia Scott,2025-02-24
Sheila Roberts,2025-06-24
Michael Ward,2025-02-12
Melissa Campbell,2025-09-26
Kevin Jones,2025-03-01
John Weaver,2025-04-13
Scott Moore,2025-05-06
Jeffrey Salazar,2025-07-21
Carl Wheeler,2025-05-12
Bobby Webb,2025-03-15
Rebecca Aguilar,2025-09-05
Thomas Bruce,2025-08-02
Dr. Craig Obrien PhD,2025-04-27
Susan Gray MD,2025-01-26
Timothy Brewer,2025-09-08
Hannah Curtis,2025-03-29
Melanie Robertson,2025-06-08
Darrell Moore,2025-05-21
Mark Hines,2025-01-12
Mr. Juan Schwartz,2025-07-20
Katie Frye,2025-07-23
Michael Hood,2025-08-05
Stephanie Burke,2025-07-13
Billy West,2025-04-14
Dennis Webb,2025-01-31
Amanda Hampton,2025-03-26
Sheila Cuevas,2025-01-01
Matthew Warren MD,2025-05-19
Adam Frank,2025-03-23
Gerald Boone,2025-04-02
Travis Murphy,2025-07-11
Walter Larson,2025-05-08
Brandy Porter,2025-09-22
Sarah Rivas,2025-03-22
Jonathan Foster,2025-05-22
Julia Harris,2025-07-06
Mary Miller,2025-01-23
Robert Jimenez,2025-02-03
Jeffrey Bailey,2025-03-28
Robert Evans,2025-10-04
Nicholas Stewart,2025-06-26
Jennifer Fernandez,2025-05-30
Elizabeth Payne,2025-09-23
William Clark,2025-02-04
Debra Woods,2025-09-01
Christopher Campbell,2025-07-29
Mary Harmon,2025-05-22
Karen Fletcher,2025-09-20
Leslie Henderson,2025-03-18
Tammy Davis,2025-01-03
Joseph Navarro,2025-01-18
Alexander Lopez,2025-08-24
Sherri Weaver,2025-07-17
Mrs. Gloria Smith,2025-03-04
Charles Alexander,2025-07-06
Maria Clements,2025-07-12
Jennifer Cummings,2025-06-22
Wendy Johnson,2025-01-01
Lisa Alvarez,2025-03-20
Carrie Roberts,2025-05-04
Vanessa Peterson,2025-05-31
Lindsay Parker,2025-05-07
Kari Haynes,2025-02-14
Debra Combs,2025-01-09
Alicia Edwards,2025-10-01
Theodore Todd,2025-05-12
Theresa Cortez,2025-04-29
John Richardson,2025-07-12
Ashley Mcdonald,2025-05-31
Steven Frederick,2025-01-20
Lisa Brown,2025-05-01
Crystal Huff,2025-07-26
Daniel Thomas,2025-03-11
Veronica Campos,2025-08-15
Rebecca Morris,2025-09-10
Samantha White,2025-07-23
Paul Garza,2025-02-02
Debra Watson,2025-08-14
Dawn Bond,2025-03-09
Tracy Landry,2025-08-08
Joseph Crawford,2025-01-21
Victor Shannon,2025-04-01
Erin Freeman,2025-07-13
Lori Edwards,2025-06-06
Leah Smith,2025-04-01
Wendy Gordon,2025-01-24
Melinda Watson,2025-02-27
Willie Whitney,2025-09-06
Ashley Villarreal,2025-07-14
Dwayne Summers,2025-05-07
Tracy Reynolds,2025-03-11
Heidi Allen,2025-07-29
Alex Chan,2025-04-07
Angela Frank,2025-06-12
Michael Gonzales,2025-01-13
Andrew Martinez,2025-09-09
Ashley Sanders,2025-03-27
Samantha Drake,2025-10-03
Alejandro Cuevas,2025-02-18
Charles Moody,2025-05-24
Miss Amy Lara,2025-04-09
Gary Stephenson,2025-08-09
Kristina Cruz,2025-09-03
Arthur Stevens,2025-07-07
Dillon King,2025-08-24
Kathleen Rogers,2025-04-12
Samantha Velazquez,2025-01-05
James Adams,2025-08-03
William Beck,2025-03-31
Willie Burns,2025-05-23
Caroline Martin,2025-08-16
Eric Montes,2025-01-19
Lee Roman,2025-08-04
Linda Salazar,2025-07-29
Judy George,2025-05-29
Samuel Le,2025-03-11
Aaron Perry,2025-04-30
Erik Gregory,2025-04-25
Gabrielle Wilkins,2025-06-15
Jeffrey Scott,2025-03-26
Nicholas Mcguire,2025-03-19
Brooke Sanchez,2025-01-18
Denise Cruz,2025-04-24
Ashley Henson,2025-05-18
Helen Phillips,2025-08-07
Barbara Bradshaw,2025-01-14
Derek Clark,2025-02-28
George Vargas,2025-01-13
Sherry Davis,2025-06-07
Donald Livingston,2025-02-20
Travis Bennett,2025-02-01
Amanda Griffin,2025-01-07
Thomas Brown,2025-07-27
Shaun Williams,2025-04-07
Ryan Vasquez,2025-04-09
Victoria Irwin MD,2025-06-21
Amanda Reynolds,2025-01-09
Craig Bowers,2025-01-22
Samuel Rodriguez,2025-06-17
Douglas Fuentes,2025-01-12
Jessica Hendrix,2025-02-08
Paula Jones,2025-05-01
Anthony Silva,2025-02-20
Amy Anderson,2025-05-02
Marvin Lopez,2025-03-05
Amy Hall,2025-07-21
Samuel Hardin,2025-07-25
Michael Howard,2025-03-25
Todd Duran,2025-04-25
Patricia Garcia,2025-03-30
Scott Gallagher,2025-01-24
Gregory Burns,2025-04-02
Nathan Berry,2025-09-19
Nicholas Murray,2025-08-17
Joshua Rosario,2025-05-20
Christine Smith,2025-04-27
James Lopez,2025-01-26
Cheryl Colon,2025-09-21
David Owens,2025-09-30
Annette Hayes,2025-07-26
Sean Hamilton,2025-04-07
Christopher Byrd DVM,2025-05-04
Amy Crawford,2025-05-13
Jeremy Martinez,2025-07-16
Patricia Jones,2025-02-24
Rachel Hill,2025-07-07
Rachel Gray,2025-07-21
Jennifer Garcia,2025-03-21
Ronald Lopez,2025-01-17
Hunter Stein,2025-05-04
Jeremy Horton,2025-06-22
Andrea Blake,2025-07-25
Kendra Neal,2025-09-17
James Marshall,2025-03-26
Beth Edwards,2025-03-19
Bernard Smith Jr.,2025-09-27
Maria Sanchez,2025-06-19
Dustin Kelly,2025-09-25
Mindy Thomas,2025-02-14
Dakota Blair,2025-05-08
Ashley Thomas,2025-05-05
Emily Cooper,2025-07-13
Stephen Benson,2025-05-01
Ashley Russell,2025-07-19
Timothy Forbes,2025-10-05
James Compton,2025-08-16
Dr. Kaylee Miller MD,2025-01-02
Brenda French,2025-09-04
Tonya Hernandez,2025-06-18
Jessica Harris,2025-07-29
Dr. Brandi Perkins MD,2025-07-18
Kimberly West,2025-07-24
Karen Fitzgerald,2025-08-17
Lisa Chung,2025-06-23
Morgan Martin,2025-06-24
Deborah Barry,2025-06-19
Javier Smith,2025-08-16
Melissa Riley,2025-05-10
Seth Padilla Jr.,2025-06-20
Patricia Williams,2025-01-07
Lori Garrett,2025-08-22
Sylvia Robinson,2025-01-17
Anthony Bennett,2025-01-05
Anthony Peters,2025-07-29
Jessica Newton,2025-07-31
Frank Warren,2025-08-23
Richard Carter,2025-07-12
Marc Howard,2025-09-25
Michael Morton,2025-03-17
Kimberly Waters,2025-08-31
Eric Fitzgerald,2025-08-25
Jack Townsend,2025-05-16
Karen Boyd,2025-08-31
Shawn Ryan,2025-07-28
Crystal Jones,2025-05-21
Michele Valdez,2025-09-15
Erik Hamilton IV,2025-07-03
Kristen Nelson,2025-07-19
Steven Hull,2025-07-18
Linda Mcdonald,2025-01-19
Gregory Johnson,2025-09-26
Patrick Bush,2025-02-19
John Berry,2025-09-29
Paul Burton,2025-01-20
Ashley Horne,2025-08-02
Tammy Burch,2025-03-25
Brian Mcdowell,2025-08-04
Alicia Turner,2025-05-27
Philip Tucker,2025-05-06
James Johnson,2025-09-06
Mario Deleon,2025-10-03
Erik Reeves,2025-09-10
Robert Davis,2025-05-07
David Burke,2025-03-11
Tracy Moss,2025-02-13
Zachary Guerrero,2025-01-30
Megan Cohen,2025-09-20
Teresa Tate,2025-05-24
Robert Johnson,2025-08-20
Kristy Reid,2025-06-20
Brittney Richards,2025-07-07
Darin Holmes,2025-09-25
Karen Hicks,2025-08-17
Steven Johnson,2025-05-28
Ronald Rose,2025-07-04
Anne Jackson,2025-03-04
Brian Hull,2025-04-30
Tiffany Wood,2025-10-01
Michael Cook,2025-07-20
Robert Smith,2025-03-17
Lindsey Clark,2025-08-12
Kristin Henderson,2025-09-17
Amanda Bean,2025-06-06
Barbara Dawson,2025-09-03
Sandra Stephens,2025-03-23
Patrick Nguyen MD,2025-07-04
Kim Davis,2025-07-16
Jerry Lopez,2025-02-13
Jennifer Sanders,2025-01-22
Ruben Bryan,2025-05-18
Robert Clayton PhD,2025-02-18
Theresa Dunn,2025-01-25
Elizabeth Holloway,2025-02-01
George Rogers,2025-05-17
Benjamin Mendoza,2025-06-03
Cameron Hernandez,2025-03-06
David Chase,2025-04-04
Katherine Hughes,2025-10-04
Jose Torres,2025-06-07
William Wheeler,2025-07-05
Jacob White,2025-07-06
Carrie Gonzales,2025-03-18
Sarah Davis,2025-08-18
Dawn Stevenson,2025-09-30
Jose Carey,2025-09-29
Nathan Chen,2025-04-22
Benjamin Lee,2025-01-04
Amy Lee,2025-09-23
Michelle Morgan,2025-09-28
Seth Winters,2025-04-30
Brian Vega,2025-09-19
Jeffrey Stewart,2025-03-09
Christine Cardenas,2025-08-19
Mariah Vasquez,2025-01-21
Sherri Henry,2025-02-07
Malik Hull,2025-10-03
Mr. Carl Sellers MD,2025-08-11
Desiree Burke,2025-07-21
Shane Lawson III,2025-06-09
William Torres,2025-09-16
Thomas Wilson,2025-07-13
Herbert Wright,2025-05-12
Stacey Sutton,2025-06-29
Anthony Blake,2025-07-31
Joshua Clark,2025-05-16
Timothy Rodriguez,2025-04-12
Tina Schwartz,2025-07-16
Ryan Stone MD,2025-08-11
Christopher Lawson,2025-01-18
Alyssa Sutton,2025-05-18
Kyle Thomas,2025-07-03
Erik Clark,2025-02-08
John Miller,2025-02-10
Brenda Hall,2025-05-19
Justin Wright,2025-02-15
Alejandra Mullen,2025-02-19
Joanna Hill,2025-06-06
John Young,2025-01-10
Anthony Newman,2025-01-05
Ronald Hill,2025-07-14
Jason Hernandez,2025-05-01
Corey Williams,2025-06-30
Debra Hale,2025-01-22
Jason Cabrera,2025-02-23
Jimmy Marshall,2025-04-29
Angela Lawson,2025-09-04
Dana Black,2025-03-11
Kristen Jones,2025-01-19
Nicole Martinez,2025-02-12
Jeffrey Bond,2025-03-03
Adriana Bowman,2025-08-05
Darrell Alvarez,2025-07-13
Ethan Morales,2025-09-04
Russell Green,2025-06-13
Lauren Bonilla,2025-01-15
Joann Gardner,2025-01-11
Richard Williamson,2025-01-13
Richard Rios,2025-03-10
Jason Macias DDS,2025-09-18
Anita Garner,2025-05-30
Jamie Mcclure,2025-04-01
Adam Shepard,2025-05-11
Donna Rodriguez,2025-07-15
Raymond Hall,2025-04-15
Sharon Reed,2025-06-20
Jose Carter,2025-06-28
Kathleen Schmidt,2025-02-12
Mr. Johnny Molina,2025-09-23
Lisa Jones,2025-06-02
Gregory Hardy,2025-01-06
Lori Fisher,2025-08-07
Danielle Brown,2025-04-23
Joseph Ray,2025-09-01
Troy Walker,2025-07-25
Amanda Warren,2025-04-20
Leslie Olsen,2025-01-26
Bobby Mahoney DDS,2025-05-30
Stacy Bond,2025-07-01
Casey Mason,2025-02-25
Eric Gaines,2025-03-02
Alicia Blankenship,2025-05-01
Marie Johnston,2025-02-04
Jeffrey Wright,2025-07-04
William Stewart,2025-03-27
Margaret Pham,2025-04-01
Richard Thomas,2025-05-22
Alyssa Lyons,2025-09-27
Jasmin Schmidt,2025-08-15
Ashley Alvarado,2025-04-23
Tracy Powers,2025-05-06
Michelle Mitchell,2025-03-14
Dylan Stein,2025-06-10
Jeffrey Gallegos,2025-03-10
Anna Fuentes,2025-06-21
Shannon Hartman,2025-07-28
Kelly Rodriguez,2025-04-01
Kathryn Roman,2025-07-27
Timothy Saunders,2025-02-26
Evan Stanton,2025-04-06
Christopher Franklin,2025-06-21
Carmen Hernandez,2025-02-04
Nathan Atkins,2025-01-17
Anita Gonzalez,2025-05-09
Dean Black,2025-04-18
Bryan Adams,2025-04-08
John Welch,2025-03-23
Thomas Hayes,2025-02-06
Tamara Eaton,2025-02-27
Sean Miller,2025-01-25
Jessica Mills,2025-08-08
Stephanie Nelson,2025-04-02
Samantha Collins,2025-06-20
Jason Hicks,2025-06-10
Casey Parker,2025-07-31
Norma Howell,2025-09-30
Rebecca Flowers,2025-09-13
Cynthia Wood,2025-06-12
Janet Williams,2025-09-29
Ashley Gonzalez,2025-06-19
Tina Chen,2025-03-21
Timothy Shah,2025-09-17
Jeffrey Miller,2025-07-11
Marcia Williams,2025-04-16
Curtis Jones,2025-04-02
Elizabeth Perez MD,2025-03-10
Keith Jones,2025-01-13
Michele Gordon,2025-03-15
Tara Anderson,2025-04-16
Stephanie Hunt,2025-01-14
James Martinez,2025-02-06
Sara Quinn,2025-04-15
Walter Mcpherson,2025-10-01
Susan Cooper,2025-02-08
Mrs. Meredith Benjamin,2025-01-26
Kelly Fowler,2025-06-29
Gary Fox,2025-08-18
Mr. Paul Ward,2025-01-12
Gary Ball,2025-04-09
Jordan Marsh,2025-03-20
Sharon Walker,2025-09-04
Carrie Nguyen,2025-07-02
Amanda Harris,2025-05-26
Gina Oconnor,2025-03-11
Alisha Vaughn,2025-06-21
Melanie Savage,2025-01-30
Daniel Boyle,2025-04-17
Kathleen Hood MD,2025-05-12
Cynthia Patrick,2025-08-30
Deborah Rodriguez,2025-05-21
Christina Carr,2025-05-30
Nicole Lawrence,2025-09-19
Michael Reed,2025-07-11
David Mcguire,2025-06-27
Sheri Aguilar,2025-07-18
Sandra Bishop,2025-02-27
Alexa Garza,2025-01-31
Micheal Vargas,2025-03-30
Jodi Sherman,2025-07-18
Tina Andrews,2025-07-13
Erica Perry,2025-03-17
Patricia Owen,2025-09-10
Paul Wallace,2025-06-21
Sara Williams,2025-08-25
Elizabeth Guzman,2025-04-21
Connie Smith,2025-08-02
Annette Martin,2025-01-14
Darrell Goodman,2025-05-06
Mary Ochoa,2025-06-10
Tammy Valentine,2025-05-31
Jonathan Russell,2025-03-27
Amanda Jones,2025-08-10
James Thomas,2025-08-10
Ashley Arnold,2025-06-12
Tiffany Kelly,2025-09-26
Maureen Fields,2025-08-22
Nicole Bell,2025-09-22
Jesse Dalton,2025-04-17
Carl Stewart,2025-05-02
Joshua Coleman,2025-07-29
Julie Brown,2025-04-19
Christopher Castro,2025-05-19
Jacqueline Jones,2025-05-04
Amy Gonzales,2025-10-01
Suzanne Young,2025-05-06
Sharon Walker,2025-06-08
Elizabeth Stone,2025-08-23
Roberta Dixon,2025-01-12
Robert Reyes,2025-02-01
Courtney Green,2025-03-05
Rhonda Lopez,2025-04-22
James Phillips,2025-01-17
David Jones,2025-01-25
Lisa Bullock,2025-06-04
Caroline Johnson,2025-04-28
Michael White,2025-07-01
Nicholas Reed,2025-08-05
Janice Wallace,2025-05-10
Patrick Thomas,2025-07-09
Wayne Wells,2025-07-21
Douglas Kennedy,2025-04-19
Kristen Wells,2025-05-01
Jared Bowen,2025-09-23
Samuel Henderson,2025-07-03
Joshua Martinez,2025-08-30
Linda Tucker,2025-04-23
Frank Brown,2025-06-01
Kristi Jones,2025-07-28
Calvin Woods,2025-08-14
James Grimes,2025-04-20
Jennifer Riddle,2025-03-29
Paul Gonzalez,2025-07-24
Daniel Nelson,2025-09-29
John Chavez,2025-03-08
Albert Farrell,2025-06-04
Sharon Tucker,2025-01-21
Matthew Warner,2025-08-29
Miranda Burgess,2025-01-25
Joe Owen,2025-06-16
Jack Benson,2025-07-07
Tammy Ramirez,2025-02-19
Erin Diaz,2025-04-09
Nicholas Richardson,2025-01-11
Ernest Mendez,2025-05-18
Allen Kelly,2025-03-14
Donald Murphy,2025-01-21
Jared Lee,2025-06-24
Jennifer Cunningham,2025-10-01
James Reyes,2025-06-21
Laura Sweeney,2025-01-04
Ashley Mccullough,2025-04-18
Jeremy Boyle,2025-03-17
Jerry Monroe,2025-07-16
Joel Evans,2025-08-11
Justin Lane,2025-07-04
Colleen Knight,2025-06-18
Olivia Bradley,2025-07-27
Janice Johnson,2025-07-20
Lori Gomez,2025-04-26
Stacy Lyons,2025-05-11
Michelle Odonnell,2025-05-05
Lauren Green DDS,2025-05-28
Jason Ray,2025-07-29
Matthew Rivas,2025-01-19
Hayden Grimes,2025-07-22
Kristopher Williams,2025-04-04
Maria Moore,2025-02-11
Lisa Hale,2025-08-02
Kimberly Stone,2025-04-27
Jenna Romero,2025-07-20
Sean Schaefer,2025-03-19
Leslie Jones,2025-09-21
Christina Atkinson,2025-01-11
Renee Smith,2025-08-27
Justin Mueller,2025-03-05
Brian Stevenson,2025-03-08
Albert Horton,2025-04-18
Jaime Fernandez,2025-06-21
Sean Mack,2025-09-28
Briana Moss,2025-09-07
Kenneth Campos,2025-04-08
Julie Griffith,2025-01-05
Jessica Jones,2025-08-22
Michele Camacho,2025-05-29
Tyler Moreno,2025-08-17
Mark Small,2025-05-16
David Arnold,2025-08-17
Tim Clark,2025-04-21
Matthew Hanson,2025-04-30
Kathleen Wise,2025-02-22
Kurt Daniels,2025-06-10
Anthony Mitchell,2025-08-17
Colin Sanchez,2025-03-19
Kelly Stewart,2025-03-03
Emma Wright,2025-06-03
Chad Parsons,2025-02-06
Steve Graves,2025-04-18
Jennifer Kirby,2025-01-24
Ryan Miller,2025-09-21
Eric Adams,2025-09-22
Gabrielle Jones,2025-08-20
John Sharp,2025-07-29
Tony Sanchez PhD,2025-07-15
Tracie Wiggins,2025-09-17
Kelly Lewis,2025-01-26
Anthony Baker,2025-09-30
Robert Hansen,2025-07-24
Audrey Rodriguez,2025-03-11
Rita Sullivan,2025-08-05
Lindsey Dyer PhD,2025-04-14
Anthony Jimenez,2025-02-11
Jessica Wade,2025-06-07
Jill Roach,2025-03-01
Heather Wells,2025-06-19
Nathaniel Black,2025-05-28
Rodney Andrews,2025-09-20
Nancy Ryan,2025-05-16
Aaron Mitchell,2025-06-14
Alexis Pennington,2025-07-18
John Koch,2025-02-10
April Knight,2025-06-10
Jonathan Solomon,2025-01-08
Traci May,2025-02-21
Nathan Miller,2025-05-25
Christopher Morales,2025-05-22
Cynthia Vargas,2025-04-13
Ricky Bentley,2025-08-20
Christopher Davila,2025-04-01
Tiffany Johnson,2025-09-26
Patrick Woods,2025-03-22
Robert Reynolds,2025-08-23
Randall Manning,2025-09-28
Crystal Mueller,2025-01-28
Christine Jones,2025-07-25
Paul Henderson,2025-03-20
Bryan Ramirez,2025-01-02
Paul Eaton IV,2025-09-21
Richard Dawson,2025-07-10
Elizabeth Smith,2025-07-13
Jeremy Hill,2025-09-18
Kimberly Martin,2025-08-31
Victoria Cole,2025-06-11
Lucas Lucas,2025-01-17
Richard Allen,2025-05-04
Crystal Davis,2025-09-01
John Aguilar,2025-03-06
Anna White,2025-08-08
Tara Delacruz,2025-01-26
Angela Howard,2025-07-04
Dr. Martha Jackson,2025-07-11
Amy Chan,2025-06-25
Bianca Brock,2025-07-15
Paul Gillespie,2025-02-01
Johnny Anthony,2025-03-18
Karen Reynolds,2025-09-10
Dennis Jones,2025-01-31
Michael Simpson,2025-02-19
Martha Lee,2025-02-18
Wayne Pierce,2025-04-05
Jessica Hubbard,2025-06-20
Dustin Jones,2025-02-28
Lisa Smith,2025-08-06
Brian Pena,2025-09-09
Daniel Hill,2025-05-20
Mr. Adrian Williams,2025-03-25
Taylor Pena,2025-09-30
Kathryn Owens,2025-05-15
Stephanie Haley,2025-01-02
Richard Sloan,2025-08-10
Larry Gutierrez,2025-05-18
Karen Bradford,2025-04-09
Michael Boyd,2025-08-06
Joseph Wells,2025-01-13
Clinton Santos,2025-06-24
Jonathon Wolf,2025-03-05
Steven Haley,2025-09-15
Gabriel Poole,2025-06-10
Nathaniel Simmons,2025-02-12
Dylan Nunez,2025-09-11
Steven Cooley,2025-03-18
Kelsey Copeland,2025-03-23
Cory Hicks,2025-08-30
Vincent Whitney,2025-07-15
Amy Garcia,2025-05-27
Lisa Smith,2025-10-02
Kendra Cunningham,2025-07-20
Tammy Campbell,2025-04-28
John Mosley,2025-07-29
Justin Turner,2025-08-19
Jacob Greene,2025-10-05
Brenda Harris,2025-10-05
Scott Berger,2025-10-06
Jonathan Holmes,2025-02-26
Roger Bush,2025-04-28
Hannah Martinez,2025-05-11
Sierra Miller,2025-09-17
Melissa Rojas,2025-09-26
Cathy Murray,2025-09-13
Barry Reyes,2025-01-22
Corey Cross,2025-08-03
Victoria Fowler,2025-01-26
Michael Jenkins,2025-06-13
Mike Hamilton,2025-08-23
Sarah Wood,2025-09-06
Dana Bryant,2025-04-02
Amanda Santos,2025-01-01
Tiffany Hanson,2025-03-28
Dylan Miller,2025-01-13
James Powell,2025-03-28
Corey Chan,2025-02-04
Cheryl Foster,2025-07-14
Joshua Hale,2025-03-20
Rachel Mosley,2025-05-25
Leslie May,2025-04-05
Stanley Martin,2025-01-08
Sean Saunders,2025-03-05
Maria Tucker,2025-02-17
Kathy Stone,2025-05-18
Morgan Rogers,2025-06-25
Shelly Rivers,2025-08-26
Alicia White,2025-04-23
Allison Golden,2025-03-22
Caitlin Benitez,2025-07-27
Carl Martinez,2025-06-19
Denise Jones,2025-01-11
Angel Humphrey,2025-03-23
Lori Mcpherson,2025-02-24
Mr. George Gonzalez,2025-07-28
Jonathan Guerrero,2025-07-27
Deborah Watson,2025-02-27
Janet Mcneil DDS,2025-09-28
Melissa Carter,2025-02-26
Jorge Cooper,2025-01-23
Paul Hernandez,2025-02-06
Jamie Dominguez,2025-07-12
Alexis Cruz,2025-07-12
Heather Fisher,2025-06-11
Kenneth Fox,2025-08-24
Kelly Chen,2025-03-26
Samantha Stark,2025-04-22
Henry Lopez,2025-08-11
Paul Williams,2025-05-02
Donna Wilson,2025-05-29
Trevor Gill,2025-04-02
Wendy Ruiz,2025-05-31
Lauren Bowen,2025-04-08
James Gray,2025-05-22
Steven Torres,2025-05-16
Jill Wood,2025-09-02
Sonya Ruiz,2025-04-28
Patrick Dickson,2025-09-09
Jessica Murphy,2025-09-30
Brandon Doyle,2025-03-29
Justin Kelly,2025-07-28
David Brown,2025-04-15
Kimberly Ryan,2025-01-31
Andrew Matthews,2025-04-25
Sarah Davis,2025-05-09
Megan Torres,2025-10-01
Karen Miles,2025-03-18
Dennis Wallace,2025-08-26
Brian Boone,2025-02-20
Patricia Arnold,2025-03-19
Robin Ward,2025-04-04
Elizabeth Robles,2025-06-03
Ashley Novak,2025-10-01
Ruth Willis,2025-04-16
Vanessa Aguilar,2025-01-12
Jason Lee,2025-03-01
Leslie Garcia,2025-07-23
Stephanie Perez,2025-03-28
Betty Davis,2025-08-10
Brian Garcia,2025-03-06
Nicole Gutierrez,2025-09-24
Nathaniel Ferguson,2025-04-03
Alexandria Byrd,2025-07-20
William Russell,2025-01-25
Steve Wright,2025-07-03
Tanner Acosta,2025-09-28
Kristina Fuller,2025-09-16
Brian Wright,2025-02-05
Samantha Hartman,2025-03-10
Wayne Mcdonald,2025-08-16
John Gomez,2025-04-14
Andrew Allen,2025-05-19
Jennifer Waters,2025-05-04
Jamie Richardson,2025-03-17
Brandon Anderson,2025-08-09
Michele Davis,2025-04-19
Dean Wright,2025-07-08
David Thomas,2025-08-09
Aaron Chambers,2025-01-27
Shari Castillo,2025-07-09
Austin Baker,2025-02-22
Shelly Ortiz,2025-07-02
Alexandra Sellers,2025-08-18
David Scott,2025-06-03
Brittany Molina,2025-05-05
Christopher Schultz,2025-09-13
Ronald Clarke,2025-03-24
Christina Parker,2025-05-20
Michael Ramsey,2025-07-22
Austin Velazquez,2025-06-12
